arquivo,grupo,fonte,link
picapau (56).mp4,alta,Desenho Animado,https://www.youtube.com/results?search_query=picapau
picapau (61).mp4,alta,Desenho Animado,https://www.youtube.com/results?search_query=picapau
picapau (62).mp4,alta,Desenho Animado,https://www.youtube.com/results?search_query=picapau
picapau (68).mp4,alta,Desenho Animado,https://www.youtube.com/results?search_query=picapau
picapau (69).mp4,alta,Desenho Animado,https://www.youtube.com/results?search_query=picapau
picapau (70).mp4,alta,Desenho Animado,https://www.youtube.com/results?search_query=picapau
picapau (72).mp4,alta,Desenho Animado,https://www.youtube.com/results?search_query=picapau
picapau (73).mp4,alta,Desenho Animado,https://www.youtube.com/results?search_query=picapau
Futebol-2 (2).mp4,alta,Reels / Shorts,https://www.instagram.com/reels/futebol
Futebol-2 (58).mp4,alta,Reels / Shorts,https://www.instagram.com/reels/futebol
Futebol-2 (83).mp4,alta,Reels / Shorts,https://www.instagram.com/reels/futebol
Futebol-2 (9).mp4,alta,Reels / Shorts,https://www.instagram.com/reels/futebol
Futebol-2 - Fut (36).mp4,alta,TikTok / Shorts,https://www.tiktok.com/@futebol
ProntosPosts (87).mp4,alta,TikTok / Reels,https://www.tiktok.com/@prontosposts
ssstwitter.com_1748516825643.mp4,alta,Twitter / X,https://x.com/video/1748516825643
Bate_papo_com_Alanzoka_9.mp4,baixa,Podcast / Bate-papo,https://www.youtube.com/results?search_query=bate_papo_alanzoka
Bate_papo_com_Alanzoka_9 (1).mp4,baixa,Podcast / Bate-papo,https://www.youtube.com/results?search_query=bate_papo_alanzoka
Flow_Games_19_de_Janeiro_2026_8.mp4,baixa,Flow Games Podcast,https://www.youtube.com/c/FlowGames
Reflexão (2).mp4,baixa,Vídeo Reflexivo / Palestra,https://www.youtube.com/results?search_query=reflexao
Gameplay_RJ_dia_16_de_janeiro_2.mp4,baixa,Gameplay Comentada,https://www.youtube.com/results?search_query=gameplay_rj
Gigaton_Games_19_de_Janeiro_2026_6.mp4,baixa,Vídeo Informativo / Games,https://www.youtube.com/c/GigatonGames
ssstwitter.com_1749209232038.mp4,baixa,Twitter / X,https://x.com/video/1749209232038
Futebol Parte 01 (132).mp4,baixa,Futebol Transmissão,https://www.youtube.com/results?search_query=futebol_transmissao
Futebol Parte 01 (136).mp4,baixa,Futebol Transmissão,https://www.youtube.com/results?search_query=futebol_transmissao
Futebol Parte 01 (164).mp4,baixa,Futebol Transmissão,https://www.youtube.com/results?search_query=futebol_transmissao
Futebol Parte 01 (171).mp4,baixa,Futebol Transmissão,https://www.youtube.com/results?search_query=futebol_transmissao
Futebol Parte 01 (189).mp4,baixa,Futebol Transmissão,https://www.youtube.com/results?search_query=futebol_transmissao
Futebol Parte 01 (213).mp4,baixa,Futebol Transmissão,https://www.youtube.com/results?search_query=futebol_transmissao
Futebol-2 (51).mp4,baixa,Futebol Transmissão,https://www.youtube.com/results?search_query=futebol_transmissao
Futebol-2 - Fut (33).mp4,baixa,Futebol Transmissão,https://www.youtube.com/results?search_query=futebol_transmissao
