video_id,arquivo,grupo,fonte,link,duracao_s,cortes_por_min,saturacao_media,movimento_medio,indice,tempo_processamento_s
1,picapau (56).mp4,alta,Desenho Animado,https://www.youtube.com/results?search_query=picapau,102.72,7.01,34.36,2.044,0.1725,177.89
2,picapau (61).mp4,alta,Desenho Animado,https://www.youtube.com/results?search_query=picapau,55.47,5.41,29.77,1.041,0.1045,95.89
3,picapau (62).mp4,alta,Desenho Animado,https://www.youtube.com/results?search_query=picapau,62.25,0.0,26.22,1.469,0.0723,107.77
4,picapau (68).mp4,alta,Desenho Animado,https://www.youtube.com/results?search_query=picapau,90.4,0.0,36.95,1.34,0.1441,152.54
5,picapau (69).mp4,alta,Desenho Animado,https://www.youtube.com/results?search_query=picapau,75.17,6.39,37.28,1.437,0.1728,120.88
6,picapau (70).mp4,alta,Desenho Animado,https://www.youtube.com/results?search_query=picapau,76.18,1.58,38.26,1.582,0.1663,120.44
7,picapau (72).mp4,alta,Desenho Animado,https://www.youtube.com/results?search_query=picapau,53.63,1.12,30.25,2.322,0.1301,85.09
8,picapau (73).mp4,alta,Desenho Animado,https://www.youtube.com/results?search_query=picapau,55.72,1.08,25.55,1.173,0.0628,93.56
9,Futebol-2 (2).mp4,alta,Reels / Shorts,https://www.instagram.com/reels/futebol,15.47,0.0,34.19,10.617,0.3995,13.52
10,Futebol-2 (58).mp4,alta,Reels / Shorts,https://www.instagram.com/reels/futebol,8.53,0.0,41.89,11.263,0.4729,3.85
11,Futebol-2 (83).mp4,alta,Reels / Shorts,https://www.instagram.com/reels/futebol,26.64,4.5,48.21,2.369,0.2705,11.17
12,Futebol-2 (9).mp4,alta,Reels / Shorts,https://www.instagram.com/reels/futebol,14.2,0.0,40.03,8.56,0.3797,6.56
13,Futebol-2 - Fut (36).mp4,alta,TikTok / Shorts,https://www.tiktok.com/@futebol,8.47,0.0,64.27,6.875,0.5006,5.69
14,ProntosPosts (87).mp4,alta,TikTok / Reels,https://www.tiktok.com/@prontosposts,9.47,0.0,48.22,0.395,0.1955,8.28
15,ssstwitter.com_1748516825643.mp4,alta,Twitter / X,https://x.com/video/1748516825643,9.22,0.0,56.35,6.307,0.428,5.99
16,Bate_papo_com_Alanzoka_9.mp4,baixa,Podcast / Bate-papo,https://www.youtube.com/results?search_query=bate_papo_alanzoka,68.27,27.25,34.9,1.093,0.2226,64.3
17,Bate_papo_com_Alanzoka_9 (1).mp4,baixa,Podcast / Bate-papo,https://www.youtube.com/results?search_query=bate_papo_alanzoka,68.27,27.25,34.9,1.093,0.2226,65.52
18,Flow_Games_19_de_Janeiro_2026_8.mp4,baixa,Flow Games Podcast,https://www.youtube.com/c/FlowGames,69.1,0.0,29.26,0.749,0.0724,154.33
19,Reflexão (2).mp4,baixa,Vídeo Reflexivo / Palestra,https://www.youtube.com/results?search_query=reflexao,67.0,0.0,20.89,4.298,0.1186,38.33
20,Gameplay_RJ_dia_16_de_janeiro_2.mp4,baixa,Gameplay Comentada,https://www.youtube.com/results?search_query=gameplay_rj,70.87,90.59,23.68,0.296,0.353,113.55
21,Gigaton_Games_19_de_Janeiro_2026_6.mp4,baixa,Vídeo Informativo / Games,https://www.youtube.com/c/GigatonGames,52.02,9.23,30.87,2.049,0.1562,112.53
22,ssstwitter.com_1749209232038.mp4,baixa,Twitter / X,https://x.com/video/1749209232038,26.06,18.42,38.16,6.357,0.3691,11.27
23,Futebol Parte 01 (132).mp4,baixa,Futebol Transmissão,https://www.youtube.com/results?search_query=futebol_transmissao,60.93,43.33,42.81,5.739,0.4752,13.88
24,Futebol Parte 01 (136).mp4,baixa,Futebol Transmissão,https://www.youtube.com/results?search_query=futebol_transmissao,61.67,13.62,44.13,11.545,0.5472,15.95
25,Futebol Parte 01 (164).mp4,baixa,Futebol Transmissão,https://www.youtube.com/results?search_query=futebol_transmissao,61.7,13.61,41.86,3.516,0.2932,14.97
26,Futebol Parte 01 (171).mp4,baixa,Futebol Transmissão,https://www.youtube.com/results?search_query=futebol_transmissao,64.83,26.84,68.2,6.441,0.6142,15.43
27,Futebol Parte 01 (189).mp4,baixa,Futebol Transmissão,https://www.youtube.com/results?search_query=futebol_transmissao,43.93,0.0,21.91,4.496,0.1316,22.96
28,Futebol Parte 01 (213).mp4,baixa,Futebol Transmissão,https://www.youtube.com/results?search_query=futebol_transmissao,26.43,20.43,40.84,7.418,0.4268,15.06
29,Futebol-2 (51).mp4,baixa,Futebol Transmissão,https://www.youtube.com/results?search_query=futebol_transmissao,91.23,0.0,31.37,0.845,0.0901,9.34
30,Futebol-2 - Fut (33).mp4,baixa,Futebol Transmissão,https://www.youtube.com/results?search_query=futebol_transmissao,58.43,21.56,56.63,4.874,0.4668,35.05
